{"cameraMode":{"drawMode":0,"name":"Shaded","section":"Shading Mode"},"sceneLighting":true,"audioPlay":false,"sceneViewState":{"m_AlwaysRefresh":false,"showFog":true,"showSkybox":true,"showFlares":true,"showImageEffects":true,"showParticleSystems":true,"showVisualEffectGraphs":true,"m_FxEnabled":true},"in2DMode":false,"pivot":{"x":0.4591597318649292,"y":9.164905548095704,"z":-26.310728073120118},"rotation":{"x":-0.06955178827047348,"y":-0.006886659190058708,"z":0.00048004608834162354,"w":-0.9975544214248657},"size":15.605212211608887,"orthographic":false}