{"cameraMode":{"drawMode":0,"name":"Shaded","section":"Shading Mode"},"sceneLighting":false,"audioPlay":false,"sceneViewState":{"m_AlwaysRefresh":false,"showFog":true,"showSkybox":false,"showFlares":true,"showImageEffects":true,"showParticleSystems":true,"showVisualEffectGraphs":true,"m_FxEnabled":true},"in2DMode":false,"pivot":{"x":26.09168243408203,"y":-17.420207977294923,"z":77.29556274414063},"rotation":{"x":-0.12601405382156373,"y":-0.06334874778985977,"z":0.008063574321568013,"w":-0.9899702668190002},"size":43.605342864990237,"orthographic":false}